{"cameraMode":{"drawMode":0,"name":"Shaded","section":"Shading Mode"},"sceneLighting":true,"audioPlay":false,"sceneViewState":{"m_AlwaysRefresh":false,"showFog":true,"showSkybox":true,"showFlares":true,"showImageEffects":true,"showParticleSystems":true,"showVisualEffectGraphs":true,"m_FxEnabled":true},"in2DMode":false,"pivot":{"x":-15.036932945251465,"y":-5.995326042175293,"z":1.2278715372085572},"rotation":{"x":-0.45376843214035036,"y":0.07550866156816483,"z":-0.03863067179918289,"w":-0.8871223330497742},"size":5.9022955894470219,"orthographic":false}